{"product_card_label_wholesale": "Mua gi\u00e1 b\u00e1n bu\u00f4n/ b\u00e1n s\u1ec9", "item_card_placeholder_add_to_cart": "Add To Cart", "label_sneak_peak": "S\u1eafp m\u1edf b\u00e1n", "product_card_voucher_wallet_label_cashback": "Ho\u00e0n ti\u1ec1n", "badge_label_off": "gi\u1ea3m", "label_n_sold_month": "\u0110\u00e3 b\u00e1n {{sold}}/th\u00e1ng", "badge_label_out": "H\u1ebft", "item_card_bought_times__many": "Kupiony {{n}} razy", "label_relationship_purchased_from_shop": "label_relationship_purchased_from_shop", "label_ad_card": "T\u00e0i tr\u1ee3", "label_relationship_good_shop_rating": "label_relationship_good_shop_rating", "label_relationship_purchased_before": "label_relationship_purchased_before", "label_relationship_good_item_rating": "label_relationship_good_item_rating", "label_relationship_liked_item": "label_relationship_liked_item", "label_flash_sale": "Flash Sale", "item_card_placeholder_name": "Enjoy Shopping on Shopee", "item_card_bought_times__few": "Kupiony {{n}} razy", "product_card_label_preferred_plus": "Y\u00eau th\u00edch+", "label_flash_sale_card": "Flash Sale", "label_group_deal": "Group deal", "item_card_label_sold_out": "h\u1ebft h\u00e0ng", "label_relationship_following_shop": "label_relationship_following_shop", "label_installment_tag": "0% TR\u1ea2 G\u00d3P", "item_card_bought_times": "\u0110\u00e3 mua {{n}} l\u1ea7n", "text_please_check_group_buy_detail_on_pdp": "Vui l\u00f2ng xem chi ti\u1ebft mua nh\u00f3m tr\u00ean trang s\u1ea3n ph\u1ea9m", "badge_label_sold": "B\u00e1n", "product_card_label_find_similar": "T\u00ecm s\u1ea3n ph\u1ea9m t\u01b0\u01a1ng t\u1ef1", "label_historical_sold_n": "\u0110\u00e3 b\u00e1n {{sold}}", "product_card_label_ok": "OK", "item_card_bought_times__other": "Kupiony {{n}} raza", "item_card_placeholder_sold_out": "Sold Out", "item_card_bought_times_plural": "\u0110\u00e3 mua {{n}} l\u1ea7n", "product_card_label_add_to_cart": "th\u00eam v\u00e0o gi\u1ecf h\u00e0ng"}