{"label_footer_5kg_shipping_MY": "Shopee Free 5kg Shipping Program", "label_footer_buyer_order_tracking_ID": "Buyer Order Tracking", "label_footer_certification": "Certification", "label_footer_shopee_mall_ret_&_ref": "Tr\u1ea3 h\u00e0ng & Ho\u00e0n Ti\u1ec1n Shopee Mall", "label_footer_about_shopee": "V\u1ec1 Shopee", "label_footer_shopee_mall_badge_full_sg": "Ch\u00ednh H\u00e3ng", "label_footer_affiliate_marketing_program": "Ch\u01b0\u01a1ng tr\u00ecnh Ti\u1ebfp th\u1ecb li\u00ean k\u1ebft Shopee", "label_footer_legal_address--VN": "\u0110\u1ecba ch\u1ec9: T\u1ea7ng 4-5-6, T\u00f2a nh\u00e0 Capital Place, s\u1ed1 29 \u0111\u01b0\u1eddng Li\u1ec5u Giai, Ph\u01b0\u1eddng Ng\u1ecdc Kh\u00e1nh, Qu\u1eadn Ba \u0110\u00ecnh, Th\u00e0nh ph\u1ed1 H\u00e0 N\u1ed9i, Vi\u1ec7t Nam. T\u1ed5ng \u0111\u00e0i h\u1ed7 tr\u1ee3: 19001221 - Email: cskh@hotro.shopee.vn", "label_footer_about_us": "Gi\u1edbi thi\u1ec7u v\u1ec1 Shopee Vi\u1ec7t Nam", "label_footer_shipping_policy": "Ch\u00ednh s\u00e1ch v\u1eadn chuy\u1ec3n", "label_footer_spain": "Spain", "label_footer_customer_services": "Ch\u0103m s\u00f3c kh\u00e1ch h\u00e0ng", "label_footer_shocking_sale_MY": "Shocking Sale", "label_footer_chile": "Chile", "label_footer_shipping_subsidy_TW": "shipping subsidy", "label_footer_order_tracking_PH": "Order Tracking", "label_footer_shopee_blog": "Shopee Blog", "label_footer_indonesia": "Indonesia", "label_footer_legal_company--VN": "C\u00f4ng ty TNHH Shopee", "label_footer_shopeepay": "ShopeePay", "label_footer_categories": "Danh M\u1ee5c", "label_footer_footer_copyright": "\u00a9 {{year}} Shopee. T\u1ea5t c\u1ea3 c\u00e1c quy\u1ec1n \u0111\u01b0\u1ee3c b\u1ea3o l\u01b0u.", "label_footer_contact_us": "Ch\u0103m s\u00f3c kh\u00e1ch h\u00e0ng", "label_footer_help_centre": "Trung t\u00e2m tr\u1ee3 gi\u00fap", "label_footer_singapore": "Singapore", "label_footer_vietnam": "Vi\u1ec7t Nam", "label_footer_mexico": "M\u00e9xico", "label_footer_packaging": "Shopee 24h Packaging Minimization Eco-mark", "label_footer_how_to_buy": "H\u01b0\u1edbng d\u1eabn mua h\u00e0ng", "label_footer_shipping": "V\u1eadn chuy\u1ec3n", "label_footer_anti_fraud_warning": "Anti-fraud Warning", "label_footer_flash_deals__IN": "Hot Deals", "label_footer_shopee_pros_programme": "Shopee Pros", "label_footer_violation": "CH\u00cdNH S\u00c1CH TR\u1ea2 H\u00c0NG V\u00c0 HO\u00c0N TI\u1ec0N", "label_footer_affiliate_program_tnc": "Shopee Affiliate Program T&C", "label_footer_seller_center": "K\u00eanh Ng\u01b0\u1eddi b\u00e1n", "label_footer_colombia": "Colombia", "label_footer_malaysia": "Malaysia", "label_footer_warranty_policy": "Ch\u00ednh s\u00e1ch b\u1ea3o h\u00e0nh", "label_footer_legal_license--VN": "M\u00e3 s\u1ed1 doanh nghi\u1ec7p: 0106773786 do S\u1edf K\u1ebf ho\u1ea1ch & \u0110\u1ea7u t\u01b0 TP H\u00e0 N\u1ed9i c\u1ea5p l\u1ea7n \u0111\u1ea7u ng\u00e0y 10/02/2015", "label_footer_shopee_careers": "Tuy\u1ec3n d\u1ee5ng", "label_footer_overseas_product": "Overseas Product", "label_footer_philippine": "Philippines", "label_footer_flash_deals": "Flash Sales", "label_footer_filter_shopee_mall_VN": "Shopee Mall", "label_footer_follow_us": "Theo d\u00f5i ch\u00fang t\u00f4i tr\u00ean", "label_footer_brazil": "Brazil", "label_footer_shopee_policy": "\u0110i\u1ec1u Kho\u1ea3n Shopee", "label_footer_shopee_wallet": "C\u1ea5n tr\u1eeb s\u1ed1 d\u01b0 (ghi nh\u1eadn t\u1ea1i V\u00ed Shopee)", "label_footer_filter_shopee_mall_TW": "Official Shop", "label_footer_logistics": "\u0110\u01a1n v\u1ecb v\u1eadn chuy\u1ec3n", "label_footer_shopee_app_download": "T\u1ea3i \u1ee9ng d\u1ee5ng Shopee ngay th\u00f4i", "label_footer_return_&_refund": "Tr\u1ea3 h\u00e0ng & Ho\u00e0n ti\u1ec1n", "label_footer_france": "France", "label_footer_country_&_region": "Qu\u1ed1c gia & Khu v\u1ef1c", "label_footer_payment": "Thanh to\u00e1n", "label_footer_taiwan": "\u0110\u00e0i Loan", "label_footer_free_shipping": "Mi\u1ec5n Ph\u00ed V\u1eadn Chuy\u1ec3n", "label_footer_legal_copyright--VN": "\u00a9 2015 - B\u1ea3n quy\u1ec1n thu\u1ed9c v\u1ec1 C\u00f4ng ty TNHH Shopee", "label_footer_payment_methods": "\u0e0a\u0e48\u0e2d\u0e07\u0e17\u0e32\u0e07\u0e01\u0e32\u0e23\u0e0a\u0e33\u0e23\u0e30\u0e40\u0e07\u0e34\u0e19\u0e43\u0e19 Shopee", "label_footer_poland": "Poland", "label_footer_shipping&delivery_TH": "Shipping & Delivery", "label_footer_india": "", "label_footer_legal_pic--VN": "Ch\u1ecbu Tr\u00e1ch Nhi\u1ec7m Qu\u1ea3n L\u00fd N\u1ed9i Dung: Nguy\u1ec5n \u0110\u1ee9c Tr\u00ed -  \u0110i\u1ec7n tho\u1ea1i li\u00ean h\u1ec7: 024 73081221 (ext 4678)", "label_footer_shopee_guarantee": "Shopee \u0110\u1ea3m B\u1ea3o", "label_footer_prohibited_and_restricted_policy": "Prohibited and Restricted Products Policy", "label_footer_privacy_policy": "Ch\u00ednh s\u00e1ch b\u1ea3o m\u1eadt", "label_footer_term_of_service": "Quy ch\u1ebf ho\u1ea1t \u0111\u1ed9ng", "label_footer_affiliate_marketing_program_th": "Affiliate Program", "label_footer_opc_shopee_coins": "Shopee Xu", "label_footer_media_contact": "Li\u00ean H\u1ec7 V\u1edbi Truy\u1ec1n Th\u00f4ng", "label_footer_thailand": "Th\u00e1i Lan", "label_footer_seller_order_tracking_ID": "Seller Order Tracking", "label_footer_read_more": "Xem th\u00eam", "label_footer_ombudsman": "Ombudsman", "label_footer_how_to_sell": "H\u01b0\u1edbng d\u1eabn b\u00e1n h\u00e0ng", "label_footer_shopee_guarantee_TH": "Shopee Gurantee"}